,folds,test_auc,val_auc,test_acc,val_acc
0,0,0.724821133736929,0.651578947368421,0.7745098039215687,0.7625490196078432
