,folds,test_auc,val_auc,test_acc,val_acc
0,0,0.7017061089708311,0.7063157894736841,0.7745098039215687,0.7525490196078432
