,folds,test_auc,val_auc,test_acc,val_acc
0,0,0.7005813953488372,0.778974358974359,0.7745098039215687,0.7425742574257426
