,folds,test_auc,val_auc,test_acc,val_acc
0,0,0.7456395348837209,0.7528205128205128,0.8431372549019608,0.7920792079207921
