,folds,test_auc,val_auc,test_acc,val_acc
0,0,0.7193175564116676,0.7094736842105263,0.7549019607843137,0.7131372549019608
