,folds,test_auc,val_auc,test_acc,val_acc
0,0,0.7027616279069767,0.8692307692307693,0.7941176470588236,0.8514851485148515
