,folds,test_auc,val_auc,test_acc,val_acc
0,0,0.7238372093023255,0.8405128205128205,0.8431372549019608,0.801980198019802
