,folds,test_auc,val_auc,test_acc,val_acc
0,0,0.7154650522839845,0.6926315789473684,0.7254901960784313,0.6837254901960784
